{"-2:-2": {"0:0": 0, "0:1": 0, "0:2": 0, "0:3": 0, "1:0": 0, "1:1": 0, "1:2": 0, "1:3": 0, "2:0": 0, "2:1": 0, "2:2": 0, "2:3": 0, "3:0": 0, "3:1": 0, "3:2": 0, "3:3": 0}, "-2:-1": {"0:0": 0, "0:1": 0, "0:2": 0, "0:3": 0, "1:0": 0, "1:1": 0, "1:2": 0, "1:3": 0, "2:0": 0, "2:1": 0, "2:2": 0, "2:3": 0, "3:0": 0, "3:1": 0, "3:2": 0, "3:3": 0}, "-2:0": {"0:0": 0, "0:1": 0, "0:2": 0, "0:3": 0, "1:0": 0, "1:1": 0, "1:2": 0, "1:3": 0, "2:0": 0, "2:1": 0, "2:2": 0, "2:3": 0, "3:0": 0, "3:1": 0, "3:2": 0, "3:3": 0}, "-2:1": {"0:0": 0, "0:1": 0, "0:2": 0, "0:3": 0, "1:0": 0, "1:1": 0, "1:2": 0, "1:3": 0, "2:0": 0, "2:1": 0, "2:2": 0, "2:3": 0, "3:0": 0, "3:1": 0, "3:2": 0, "3:3": 0}, "-2:2": {"0:0": 0, "0:1": 0, "0:2": 0, "0:3": 0, "1:0": 0, "1:1": 0, "1:2": 0, "1:3": 0, "2:0": 0, "2:1": 0, "2:2": 0, "2:3": 0, "3:0": 0, "3:1": 0, "3:2": 0, "3:3": 0}, "-1:-2": {"0:0": 0, "0:1": 0, "0:2": 0, "0:3": 0, "1:0": 0, "1:1": 0, "1:2": 0, "1:3": 0, "2:0": 0, "2:1": 0, "2:2": 0, "2:3": 0, "3:0": 0, "3:1": 0, "3:2": 0, "3:3": 0}, "-1:-1": {"0:0": 0, "0:1": 0, "0:2": 0, "0:3": 0, "1:0": 0, "1:1": 0, "1:2": 0, "1:3": 0, "2:0": 0, "2:1": 1e-05, "2:2": 0, "2:3": 0, "3:0": 0, "3:1": 0, "3:2": 0, "3:3": 1e-05}, "-1:0": {"0:0": 0, "0:1": 0, "0:2": 0, "0:3": 0, "1:0": 0, "1:1": 0, "1:2": 0, "1:3": 0, "2:0": 0, "2:1": 2e-05, "2:2": 1e-05, "2:3": 2e-05, "3:0": 5e-05, "3:1": 6e-05, "3:2": 0.00015, "3:3": 0.0001}, "-1:1": {"0:0": 0, "0:1": 0, "0:2": 0, "0:3": 0, "1:0": 0, "1:1": 0, "1:2": 0, "1:3": 0, "2:0": 0, "2:1": 1e-05, "2:2": 1e-05, "2:3": 0, "3:0": 0.00012, "3:1": 7e-05, "3:2": 1e-05, "3:3": 0}, "-1:2": {"0:0": 0, "0:1": 0, "0:2": 0, "0:3": 0, "1:0": 0, "1:1": 0, "1:2": 0, "1:3": 0, "2:0": 0, "2:1": 0, "2:2": 0, "2:3": 0, "3:0": 0, "3:1": 0, "3:2": 0, "3:3": 0}, "0:-2": {"0:0": 0, "0:1": 0, "0:2": 0, "0:3": 0, "1:0": 0, "1:1": 0, "1:2": 0, "1:3": 0, "2:0": 0, "2:1": 0, "2:2": 0, "2:3": 0, "3:0": 0, "3:1": 0, "3:2": 0, "3:3": 0}, "0:-1": {"0:0": 0, "0:1": 0, "0:2": 1e-05, "0:3": 2e-05, "1:0": 0, "1:1": 0, "1:2": 1e-05, "1:3": 9e-05, "2:0": 0, "2:1": 0, "2:2": 2e-05, "2:3": 0.00014, "3:0": 0, "3:1": 1e-05, "3:2": 1e-05, "3:3": 9e-05}, "0:0": {"0:0": 7e-05, "0:1": 0.00039, "0:2": 0.00116, "0:3": 0.001, "1:0": 0.00046, "1:1": 0.00224, "1:2": 0.00847, "1:3": 0.01294, "2:0": 0.00083, "2:1": 0.00843, "2:2": 0.05842, "2:3": 0.12413, "3:0": 0.00133, "3:1": 0.01257, "3:2": 0.12567, "3:3": 0.34465}, "0:1": {"0:0": 0.00096, "0:1": 0.00027, "0:2": 5e-05, "0:3": 0, "1:0": 0.00663, "1:1": 0.00131, "1:2": 0.00019, "1:3": 4e-05, "2:0": 0.03574, "2:1": 0.00442, "2:2": 0.00051, "2:3": 5e-05, "3:0": 0.06195, "3:1": 0.00578, "3:2": 0.00061, "3:3": 0.00011}, "0:2": {"0:0": 0, "0:1": 0, "0:2": 0, "0:3": 0, "1:0": 2e-05, "1:1": 0, "1:2": 0, "1:3": 0, "2:0": 1e-05, "2:1": 0, "2:2": 0, "2:3": 0, "3:0": 0, "3:1": 0, "3:2": 0, "3:3": 0}, "1:-2": {"0:0": 0, "0:1": 0, "0:2": 0, "0:3": 0, "1:0": 0, "1:1": 0, "1:2": 0, "1:3": 0, "2:0": 0, "2:1": 0, "2:2": 0, "2:3": 0, "3:0": 0, "3:1": 0, "3:2": 0, "3:3": 0}, "1:-1": {"0:0": 0, "0:1": 1e-05, "0:2": 2e-05, "0:3": 7e-05, "1:0": 0, "1:1": 0, "1:2": 0, "1:3": 8e-05, "2:0": 0, "2:1": 0, "2:2": 0, "2:3": 2e-05, "3:0": 0, "3:1": 0, "3:2": 0, "3:3": 0}, "1:0": {"0:0": 0.00093, "0:1": 0.00647, "0:2": 0.03702, "0:3": 0.0607, "1:0": 0.00024, "1:1": 0.00114, "1:2": 0.00433, "1:3": 0.00632, "2:0": 4e-05, "2:1": 0.00032, "2:2": 0.00048, "2:3": 0.00075, "3:0": 1e-05, "3:1": 6e-05, "3:2": 7e-05, "3:3": 6e-05}, "1:1": {"0:0": 0.02097, "0:1": 0.00297, "0:2": 0.00036, "0:3": 5e-05, "1:0": 0.00318, "1:1": 0.0007, "1:2": 0.0001, "1:3": 2e-05, "2:0": 0.00047, "2:1": 7e-05, "2:2": 5e-05, "2:3": 0, "3:0": 6e-05, "3:1": 0, "3:2": 2e-05, "3:3": 0}, "1:2": {"0:0": 1e-05, "0:1": 0, "0:2": 0, "0:3": 0, "1:0": 0, "1:1": 0, "1:2": 0, "1:3": 0, "2:0": 0, "2:1": 0, "2:2": 0, "2:3": 0, "3:0": 0, "3:1": 0, "3:2": 0, "3:3": 0}, "2:-2": {"0:0": 0, "0:1": 0, "0:2": 0, "0:3": 0, "1:0": 0, "1:1": 0, "1:2": 0, "1:3": 0, "2:0": 0, "2:1": 0, "2:2": 0, "2:3": 0, "3:0": 0, "3:1": 0, "3:2": 0, "3:3": 0}, "2:-1": {"0:0": 0, "0:1": 0, "0:2": 0, "0:3": 0, "1:0": 0, "1:1": 0, "1:2": 0, "1:3": 0, "2:0": 0, "2:1": 0, "2:2": 0, "2:3": 0, "3:0": 0, "3:1": 0, "3:2": 0, "3:3": 0}, "2:0": {"0:0": 0, "0:1": 0, "0:2": 2e-05, "0:3": 3e-05, "1:0": 0, "1:1": 0, "1:2": 0, "1:3": 0, "2:0": 0, "2:1": 0, "2:2": 0, "2:3": 0, "3:0": 0, "3:1": 0, "3:2": 0, "3:3": 0}, "2:1": {"0:0": 0, "0:1": 0, "0:2": 0, "0:3": 1e-05, "1:0": 1e-05, "1:1": 0, "1:2": 0, "1:3": 0, "2:0": 0, "2:1": 1e-05, "2:2": 0, "2:3": 0, "3:0": 0, "3:1": 0, "3:2": 0, "3:3": 0}, "2:2": {"0:0": 0, "0:1": 0, "0:2": 0, "0:3": 0, "1:0": 0, "1:1": 0, "1:2": 0, "1:3": 0, "2:0": 0, "2:1": 0, "2:2": 0, "2:3": 0, "3:0": 0, "3:1": 0, "3:2": 0, "3:3": 0}}