{"-2:2": {"0:2": 0, "0:1": 0, "0:0": 0, "1:2": 0, "1:1": 0, "1:0": 0, "2:2": 0, "2:1": 0, "2:0": 0}, "-2:1": {"0:2": 0, "0:1": 0, "0:0": 0, "1:2": 0, "1:1": 0, "1:0": 0, "2:2": 0, "2:1": 0, "2:0": 0}, "-2:0": {"0:2": 0, "0:1": 0, "0:0": 0, "1:2": 0, "1:1": 0, "1:0": 0, "2:2": 0, "2:1": 0, "2:0": 0}, "-2:-1": {"0:2": 0, "0:1": 0, "0:0": 0, "1:2": 0, "1:1": 0, "1:0": 0, "2:2": 0, "2:1": 0, "2:0": 0}, "-2:-2": {"0:2": 0, "0:1": 0, "0:0": 0, "1:2": 0, "1:1": 0, "1:0": 0, "2:2": 0, "2:1": 0, "2:0": 0}, "-1:2": {"0:2": 0, "0:1": 0, "0:0": 0, "1:2": 0, "1:1": 0, "1:0": 0, "2:2": 0, "2:1": 0, "2:0": 0}, "-1:1": {"0:2": 0, "0:1": 0, "0:0": 0, "1:2": 0, "1:1": 1e-05, "1:0": 0.00012, "2:2": 1e-05, "2:1": 9e-05, "2:0": 0.00093}, "-1:0": {"0:2": 0, "0:1": 3e-05, "0:0": 1e-05, "1:2": 0.00033, "1:1": 0.00051, "1:0": 0.0004, "2:2": 0.00515, "2:1": 0.00965, "2:0": 0.00562}, "-1:-1": {"0:2": 0, "0:1": 0, "0:0": 1e-05, "1:2": 0.00013, "1:1": 1e-05, "1:0": 1e-05, "2:2": 0.00107, "2:1": 0.00015, "2:0": 0}, "-1:-2": {"0:2": 0, "0:1": 0, "0:0": 0, "1:2": 0, "1:1": 0, "1:0": 0, "2:2": 0, "2:1": 0, "2:0": 0}, "0:2": {"0:2": 0, "0:1": 0, "0:0": 0, "1:2": 0, "1:1": 0, "1:0": 0, "2:2": 0, "2:1": 0, "2:0": 0}, "0:1": {"0:2": 2e-05, "0:1": 0.00025, "0:0": 0.0045, "1:2": 5e-05, "1:1": 0.00029, "1:0": 0.00746, "2:2": 1e-05, "2:1": 0.00021, "2:0": 0.00387}, "0:0": {"0:2": 0.05371, "0:1": 0.11344, "0:0": 0.05415, "1:2": 0.11294, "1:1": 0.24918, "1:0": 0.11293, "2:2": 0.05291, "2:1": 0.11389, "2:0": 0.05529}, "0:-1": {"0:2": 0.00588, "0:1": 0.00032, "0:0": 3e-05, "1:2": 0.00966, "1:1": 0.00053, "1:0": 1e-05, "2:2": 0.00498, "2:1": 0.00035, "2:0": 2e-05}, "0:-2": {"0:2": 0, "0:1": 0, "0:0": 0, "1:2": 0, "1:1": 0, "1:0": 0, "2:2": 0, "2:1": 0, "2:0": 0}, "1:2": {"0:2": 0, "0:1": 0, "0:0": 0, "1:2": 0, "1:1": 0, "1:0": 0, "2:2": 0, "2:1": 0, "2:0": 0}, "1:1": {"0:2": 1e-05, "0:1": 7e-05, "0:0": 0.00056, "1:2": 0, "1:1": 0, "1:0": 3e-05, "2:2": 0, "2:1": 0, "2:0": 1e-05}, "1:0": {"0:2": 0.00392, "0:1": 0.00825, "0:0": 0.00437, "1:2": 0.00037, "1:1": 0.00037, "1:0": 0.00037, "2:2": 1e-05, "2:1": 3e-05, "2:0": 2e-05}, "1:-1": {"0:2": 0.00092, "0:1": 8e-05, "0:0": 1e-05, "1:2": 0.0001, "1:1": 0, "1:0": 0, "2:2": 1e-05, "2:1": 0, "2:0": 0}, "1:-2": {"0:2": 0, "0:1": 0, "0:0": 0, "1:2": 0, "1:1": 0, "1:0": 0, "2:2": 0, "2:1": 0, "2:0": 0}, "2:2": {"0:2": 0, "0:1": 0, "0:0": 0, "1:2": 0, "1:1": 0, "1:0": 0, "2:2": 0, "2:1": 0, "2:0": 0}, "2:1": {"0:2": 0, "0:1": 0, "0:0": 1e-05, "1:2": 0, "1:1": 0, "1:0": 0, "2:2": 0, "2:1": 0, "2:0": 0}, "2:0": {"0:2": 1e-05, "0:1": 0, "0:0": 0, "1:2": 0, "1:1": 0, "1:0": 0, "2:2": 0, "2:1": 0, "2:0": 0}, "2:-1": {"0:2": 0, "0:1": 0, "0:0": 0, "1:2": 0, "1:1": 0, "1:0": 0, "2:2": 0, "2:1": 0, "2:0": 0}, "2:-2": {"0:2": 0, "0:1": 0, "0:0": 0, "1:2": 0, "1:1": 0, "1:0": 0, "2:2": 0, "2:1": 0, "2:0": 0}}