{"-2:-2": {"0:0": 0, "0:1": 0, "0:2": 0, "0:3": 0, "1:0": 0, "1:1": 0, "1:2": 0, "1:3": 0, "2:0": 0, "2:1": 0, "2:2": 0, "2:3": 0, "3:0": 0, "3:1": 0, "3:2": 0, "3:3": 0}, "-2:-1": {"0:0": 0, "0:1": 0, "0:2": 0, "0:3": 0, "1:0": 0, "1:1": 0, "1:2": 0, "1:3": 0, "2:0": 0, "2:1": 0, "2:2": 0, "2:3": 0, "3:0": 0, "3:1": 0, "3:2": 0, "3:3": 0}, "-2:0": {"0:0": 0, "0:1": 0, "0:2": 0, "0:3": 0, "1:0": 0, "1:1": 0, "1:2": 0, "1:3": 0, "2:0": 0, "2:1": 0, "2:2": 0, "2:3": 0, "3:0": 0, "3:1": 0, "3:2": 0, "3:3": 0}, "-2:1": {"0:0": 0, "0:1": 0, "0:2": 0, "0:3": 0, "1:0": 0, "1:1": 0, "1:2": 0, "1:3": 0, "2:0": 0, "2:1": 0, "2:2": 0, "2:3": 0, "3:0": 0, "3:1": 0, "3:2": 0, "3:3": 0}, "-2:2": {"0:0": 0, "0:1": 0, "0:2": 0, "0:3": 0, "1:0": 0, "1:1": 0, "1:2": 0, "1:3": 0, "2:0": 0, "2:1": 0, "2:2": 0, "2:3": 0, "3:0": 0, "3:1": 0, "3:2": 0, "3:3": 0}, "-1:-2": {"0:0": 0, "0:1": 0, "0:2": 0, "0:3": 0, "1:0": 0, "1:1": 0, "1:2": 0, "1:3": 0, "2:0": 0, "2:1": 0, "2:2": 0, "2:3": 0, "3:0": 0, "3:1": 0, "3:2": 0, "3:3": 0}, "-1:-1": {"0:0": 0, "0:1": 0, "0:2": 0, "0:3": 0, "1:0": 0, "1:1": 0, "1:2": 0, "1:3": 0, "2:0": 0, "2:1": 1e-05, "2:2": 0, "2:3": 0, "3:0": 0, "3:1": 0, "3:2": 1e-05, "3:3": 0}, "-1:0": {"0:0": 0, "0:1": 0, "0:2": 0, "0:3": 0, "1:0": 0, "1:1": 0, "1:2": 0, "1:3": 0, "2:0": 0, "2:1": 1e-05, "2:2": 2e-05, "2:3": 3e-05, "3:0": 5e-05, "3:1": 0.00011, "3:2": 0.00015, "3:3": 0.00014}, "-1:1": {"0:0": 0, "0:1": 0, "0:2": 0, "0:3": 0, "1:0": 0, "1:1": 0, "1:2": 0, "1:3": 0, "2:0": 0, "2:1": 0, "2:2": 1e-05, "2:3": 0, "3:0": 7e-05, "3:1": 5e-05, "3:2": 1e-05, "3:3": 0}, "-1:2": {"0:0": 0, "0:1": 0, "0:2": 0, "0:3": 0, "1:0": 0, "1:1": 0, "1:2": 0, "1:3": 0, "2:0": 0, "2:1": 0, "2:2": 0, "2:3": 0, "3:0": 0, "3:1": 0, "3:2": 0, "3:3": 0}, "0:-2": {"0:0": 0, "0:1": 0, "0:2": 0, "0:3": 0, "1:0": 0, "1:1": 0, "1:2": 0, "1:3": 0, "2:0": 0, "2:1": 0, "2:2": 0, "2:3": 0, "3:0": 0, "3:1": 0, "3:2": 0, "3:3": 0}, "0:-1": {"0:0": 0, "0:1": 0, "0:2": 0, "0:3": 2e-05, "1:0": 0, "1:1": 0, "1:2": 2e-05, "1:3": 0.00012, "2:0": 0, "2:1": 0, "2:2": 1e-05, "2:3": 0.00018, "3:0": 0, "3:1": 0, "3:2": 3e-05, "3:3": 0.00014}, "0:0": {"0:0": 0.00012, "0:1": 0.00052, "0:2": 0.00132, "0:3": 0.00146, "1:0": 0.00052, "1:1": 0.0025, "1:2": 0.00944, "1:3": 0.01506, "2:0": 0.00089, "2:1": 0.01002, "2:2": 0.06511, "2:3": 0.12607, "3:0": 0.00157, "3:1": 0.01408, "3:2": 0.12839, "3:3": 0.29004}, "0:1": {"0:0": 0.00089, "0:1": 0.00041, "0:2": 0.0001, "0:3": 0, "1:0": 0.00764, "1:1": 0.00162, "1:2": 0.00024, "1:3": 6e-05, "2:0": 0.0414, "2:1": 0.00498, "2:2": 0.00053, "2:3": 7e-05, "3:0": 0.06713, "3:1": 0.00673, "3:2": 0.00072, "3:3": 8e-05}, "0:2": {"0:0": 0, "0:1": 0, "0:2": 0, "0:3": 0, "1:0": 2e-05, "1:1": 0, "1:2": 0, "1:3": 0, "2:0": 1e-05, "2:1": 0, "2:2": 0, "2:3": 0, "3:0": 2e-05, "3:1": 0, "3:2": 0, "3:3": 0}, "1:-2": {"0:0": 0, "0:1": 0, "0:2": 0, "0:3": 0, "1:0": 0, "1:1": 0, "1:2": 0, "1:3": 0, "2:0": 0, "2:1": 0, "2:2": 0, "2:3": 0, "3:0": 0, "3:1": 0, "3:2": 0, "3:3": 0}, "1:-1": {"0:0": 0, "0:1": 0, "0:2": 1e-05, "0:3": 7e-05, "1:0": 0, "1:1": 1e-05, "1:2": 0, "1:3": 0.0001, "2:0": 0, "2:1": 0, "2:2": 0, "2:3": 0, "3:0": 0, "3:1": 0, "3:2": 0, "3:3": 1e-05}, "1:0": {"0:0": 0.00108, "0:1": 0.0074, "0:2": 0.042, "0:3": 0.06763, "1:0": 0.00023, "1:1": 0.00155, "1:2": 0.00518, "1:3": 0.00743, "2:0": 8e-05, "2:1": 0.00031, "2:2": 0.00069, "2:3": 0.00081, "3:0": 0, "3:1": 4e-05, "3:2": 8e-05, "3:3": 9e-05}, "1:1": {"0:0": 0.02368, "0:1": 0.00336, "0:2": 0.00035, "0:3": 5e-05, "1:0": 0.00383, "1:1": 0.00084, "1:2": 7e-05, "1:3": 2e-05, "2:0": 0.00053, "2:1": 0.00013, "2:2": 4e-05, "2:3": 0, "3:0": 7e-05, "3:1": 2e-05, "3:2": 1e-05, "3:3": 0}, "1:2": {"0:0": 2e-05, "0:1": 0, "0:2": 0, "0:3": 0, "1:0": 0, "1:1": 0, "1:2": 0, "1:3": 0, "2:0": 0, "2:1": 0, "2:2": 0, "2:3": 0, "3:0": 0, "3:1": 0, "3:2": 0, "3:3": 0}, "2:-2": {"0:0": 0, "0:1": 0, "0:2": 0, "0:3": 0, "1:0": 0, "1:1": 0, "1:2": 0, "1:3": 0, "2:0": 0, "2:1": 0, "2:2": 0, "2:3": 0, "3:0": 0, "3:1": 0, "3:2": 0, "3:3": 0}, "2:-1": {"0:0": 0, "0:1": 0, "0:2": 0, "0:3": 0, "1:0": 0, "1:1": 0, "1:2": 0, "1:3": 0, "2:0": 0, "2:1": 0, "2:2": 0, "2:3": 0, "3:0": 0, "3:1": 0, "3:2": 0, "3:3": 0}, "2:0": {"0:0": 0, "0:1": 0, "0:2": 1e-05, "0:3": 3e-05, "1:0": 0, "1:1": 0, "1:2": 0, "1:3": 0, "2:0": 0, "2:1": 0, "2:2": 0, "2:3": 0, "3:0": 0, "3:1": 0, "3:2": 0, "3:3": 0}, "2:1": {"0:0": 1e-05, "0:1": 0, "0:2": 1e-05, "0:3": 0, "1:0": 1e-05, "1:1": 0, "1:2": 0, "1:3": 0, "2:0": 0, "2:1": 1e-05, "2:2": 0, "2:3": 0, "3:0": 0, "3:1": 0, "3:2": 0, "3:3": 0}, "2:2": {"0:0": 0, "0:1": 0, "0:2": 0, "0:3": 0, "1:0": 0, "1:1": 0, "1:2": 0, "1:3": 0, "2:0": 0, "2:1": 0, "2:2": 0, "2:3": 0, "3:0": 0, "3:1": 0, "3:2": 0, "3:3": 0}}