{"-2:2": {"0:0": 0, "0:1": 0, "0:2": 0, "0:3": 0, "1:0": 0, "1:1": 0, "1:2": 0, "1:3": 0, "2:0": 0, "2:1": 0, "2:2": 0, "2:3": 0, "3:0": 0, "3:1": 0, "3:2": 0, "3:3": 0}, "-2:1": {"0:0": 0, "0:1": 0, "0:2": 0, "0:3": 0, "1:0": 0, "1:1": 0, "1:2": 0, "1:3": 0, "2:0": 0, "2:1": 0, "2:2": 0, "2:3": 0, "3:0": 0, "3:1": 0, "3:2": 0, "3:3": 0}, "-2:0": {"0:0": 0, "0:1": 0, "0:2": 0, "0:3": 0, "1:0": 0, "1:1": 0, "1:2": 0, "1:3": 0, "2:0": 0, "2:1": 0, "2:2": 0, "2:3": 0, "3:0": 0, "3:1": 0, "3:2": 0, "3:3": 0}, "-2:-1": {"0:0": 0, "0:1": 0, "0:2": 0, "0:3": 0, "1:0": 0, "1:1": 0, "1:2": 0, "1:3": 0, "2:0": 0, "2:1": 0, "2:2": 0, "2:3": 0, "3:0": 0, "3:1": 0, "3:2": 0, "3:3": 0}, "-2:-2": {"0:0": 0, "0:1": 0, "0:2": 0, "0:3": 0, "1:0": 0, "1:1": 0, "1:2": 0, "1:3": 0, "2:0": 0, "2:1": 0, "2:2": 0, "2:3": 0, "3:0": 0, "3:1": 0, "3:2": 0, "3:3": 0}, "-1:2": {"0:0": 0, "0:1": 0, "0:2": 0, "0:3": 0, "1:0": 0, "1:1": 0, "1:2": 0, "1:3": 0, "2:0": 0, "2:1": 0, "2:2": 0, "2:3": 0, "3:0": 0, "3:1": 0, "3:2": 0, "3:3": 0}, "-1:1": {"0:0": 4e-05, "0:1": 0, "0:2": 0, "0:3": 0, "1:0": 0.0001, "1:1": 4e-05, "1:2": 0, "1:3": 0, "2:0": 0.0006, "2:1": 0.00014, "2:2": 4e-05, "2:3": 2e-05, "3:0": 0.00362, "3:1": 0.00076, "3:2": 0.00014, "3:3": 0}, "-1:0": {"0:0": 2e-05, "0:1": 4e-05, "0:2": 2e-05, "0:3": 2e-05, "1:0": 0.00014, "1:1": 0.00046, "1:2": 0.00026, "1:3": 0.0001, "2:0": 0.0015, "2:1": 0.00196, "2:2": 0.0022, "2:3": 0.00144, "3:0": 0.01294, "3:1": 0.0158, "3:2": 0.01568, "3:3": 0.01174}, "-1:-1": {"0:0": 2e-05, "0:1": 0, "0:2": 0, "0:3": 0, "1:0": 0, "1:1": 2e-05, "1:2": 6e-05, "1:3": 8e-05, "2:0": 0, "2:1": 6e-05, "2:2": 0.00012, "2:3": 0.00074, "3:0": 0, "3:1": 0.0001, "3:2": 0.00062, "3:3": 0.00454}, "-1:-2": {"0:0": 0, "0:1": 0, "0:2": 0, "0:3": 0, "1:0": 0, "1:1": 0, "1:2": 0, "1:3": 0, "2:0": 0, "2:1": 0, "2:2": 0, "2:3": 0, "3:0": 0, "3:1": 0, "3:2": 0, "3:3": 0}, "0:2": {"0:0": 0, "0:1": 0, "0:2": 0, "0:3": 0, "1:0": 0, "1:1": 0, "1:2": 0, "1:3": 0, "2:0": 2e-05, "2:1": 0, "2:2": 0, "2:3": 0, "3:0": 2e-05, "3:1": 0, "3:2": 0, "3:3": 0}, "0:1": {"0:0": 0.01036, "0:1": 0.00116, "0:2": 0.00018, "0:3": 0, "1:0": 0.01252, "1:1": 0.00182, "1:2": 0.0002, "1:3": 4e-05, "2:0": 0.0121, "2:1": 0.00142, "2:2": 0.00014, "2:3": 0, "3:0": 0.00998, "3:1": 0.00136, "3:2": 0.00012, "3:3": 2e-05}, "0:0": {"0:0": 0.03618, "0:1": 0.04636, "0:2": 0.04712, "0:3": 0.03506, "1:0": 0.04486, "1:1": 0.05786, "1:2": 0.059, "1:3": 0.04502, "2:0": 0.0463, "2:1": 0.05828, "2:2": 0.05844, "2:3": 0.0465, "3:0": 0.03662, "3:1": 0.04678, "3:2": 0.0454, "3:3": 0.03408}, "0:-1": {"0:0": 4e-05, "0:1": 0.0001, "0:2": 0.00162, "0:3": 0.01262, "1:0": 4e-05, "1:1": 0.00022, "1:2": 0.00216, "1:3": 0.01674, "2:0": 2e-05, "2:1": 0.0003, "2:2": 0.00204, "2:3": 0.01652, "3:0": 4e-05, "3:1": 0.00016, "3:2": 0.00138, "3:3": 0.01126}, "0:-2": {"0:0": 0, "0:1": 0, "0:2": 0, "0:3": 0, "1:0": 0, "1:1": 0, "1:2": 0, "1:3": 2e-05, "2:0": 0, "2:1": 0, "2:2": 0, "2:3": 0, "3:0": 0, "3:1": 0, "3:2": 0, "3:3": 0}, "1:2": {"0:0": 0, "0:1": 0, "0:2": 0, "0:3": 0, "1:0": 0, "1:1": 0, "1:2": 0, "1:3": 0, "2:0": 0, "2:1": 0, "2:2": 0, "2:3": 0, "3:0": 0, "3:1": 0, "3:2": 0, "3:3": 0}, "1:1": {"0:0": 0.0027, "0:1": 0.00036, "0:2": 4e-05, "0:3": 0, "1:0": 0.0006, "1:1": 0.0001, "1:2": 0, "1:3": 0, "2:0": 0, "2:1": 0, "2:2": 0, "2:3": 0, "3:0": 2e-05, "3:1": 0, "3:2": 0, "3:3": 0}, "1:0": {"0:0": 0.01062, "0:1": 0.01378, "0:2": 0.0128, "0:3": 0.00942, "1:0": 0.0015, "1:1": 0.00172, "1:2": 0.00176, "1:3": 0.00122, "2:0": 0.00018, "2:1": 0.00014, "2:2": 0.00018, "2:3": 0.00026, "3:0": 2e-05, "3:1": 0, "3:2": 4e-05, "3:3": 6e-05}, "1:-1": {"0:0": 4e-05, "0:1": 6e-05, "0:2": 0.00068, "0:3": 0.00418, "1:0": 0, "1:1": 2e-05, "1:2": 0.00016, "1:3": 0.00068, "2:0": 0, "2:1": 0, "2:2": 0, "2:3": 8e-05, "3:0": 0, "3:1": 0, "3:2": 2e-05, "3:3": 0}, "1:-2": {"0:0": 0, "0:1": 0, "0:2": 0, "0:3": 0, "1:0": 0, "1:1": 0, "1:2": 0, "1:3": 0, "2:0": 0, "2:1": 0, "2:2": 0, "2:3": 0, "3:0": 0, "3:1": 0, "3:2": 0, "3:3": 0}, "2:2": {"0:0": 0, "0:1": 0, "0:2": 0, "0:3": 0, "1:0": 0, "1:1": 0, "1:2": 0, "1:3": 0, "2:0": 0, "2:1": 0, "2:2": 0, "2:3": 0, "3:0": 0, "3:1": 0, "3:2": 0, "3:3": 0}, "2:1": {"0:0": 0, "0:1": 0, "0:2": 0, "0:3": 0, "1:0": 0, "1:1": 2e-05, "1:2": 0, "1:3": 0, "2:0": 0, "2:1": 0, "2:2": 0, "2:3": 0, "3:0": 0, "3:1": 0, "3:2": 0, "3:3": 0}, "2:0": {"0:0": 0, "0:1": 0, "0:2": 0, "0:3": 0, "1:0": 0, "1:1": 0, "1:2": 0, "1:3": 0, "2:0": 0, "2:1": 0, "2:2": 0, "2:3": 0, "3:0": 0, "3:1": 0, "3:2": 0, "3:3": 0}, "2:-1": {"0:0": 0, "0:1": 0, "0:2": 0, "0:3": 0, "1:0": 0, "1:1": 0, "1:2": 0, "1:3": 0, "2:0": 0, "2:1": 0, "2:2": 0, "2:3": 0, "3:0": 0, "3:1": 0, "3:2": 0, "3:3": 0}, "2:-2": {"0:0": 0, "0:1": 0, "0:2": 0, "0:3": 0, "1:0": 0, "1:1": 0, "1:2": 0, "1:3": 0, "2:0": 0, "2:1": 0, "2:2": 0, "2:3": 0, "3:0": 0, "3:1": 0, "3:2": 0, "3:3": 0}}